account,totalAmount,mcc,merchant
5ac90306-5796-4897-b749-84b78b07bcda,23.00,5811,Google
5ac90306-5796-4897-b749-84b78b07bcda,2.00,5811,Google
5ac90306-5796-4897-b749-84b78b07bcda,5.00,5811,Google
10,31847759.68,5168,Fivespan
689,13608888.36,4704,Dabvine
3007,27227869.59,1228,Skyvu
5496,89829645.39,8545,Twitterworks
406,92236325.34,9725,Topicshots
55,57484956.68,8114,Plajo
402,96853424.84,4136,Twitterwire
14,20224898.36,2751,Jayo
692,77218056.76,5933,Kamba
756,42774650.31,8545,Wordtune
4,83689481.12,6163,Bubbletube
764,96169321.25,8208,Oyonder
75,29044160.80,8075,Centizu
683,84639130.95,9438,Quatz
72,8941212.51,8068,Ainyx
21,8221479.03,2877,Feedfire
303,6903691.80,1941,Skinte
07379,50855827.94,5676,Skyvu
0378,82322137.85,2208,Jaxworks
8,63745822.72,4070,Youfeed
226,94496190.74,9633,Skyndu
61,83696555.73,3198,Divanoodle
778,52345920.80,3425,Skimia
105,63023887.42,2225,Riffwire
3,2159887.72,6493,Skippad
9,12255110.65,1291,Browsedrive
041,22647436.18,5670,Thoughtworks
64181,81630714.17,6821,Edgeblab
14,40003821.61,6533,Topiczoom
8609,6474605.40,6880,Oyoyo
823,46437898.98,6048,Jayo
8130,93657567.39,7143,Yabox
6,77085729.09,5321,Trilith
829,72036772.66,7616,Blognation
2059,8109861.28,6168,Bluezoom
1848,47458390.75,5566,Jamia
9722,96719873.31,3461,Mydo
0440,19330976.58,9712,Meedoo
32654,78371038.76,6007,Kimia
9,36603251.55,1875,Agimba
6,13218836.01,4537,Rhycero
23,25319069.49,1072,Meetz
56685,548690.71,7956,Divavu
5,76844171.83,8382,Fiveclub
207,67471285.01,3931,Wikido
7596,73050360.94,2075,Divavu
431,90980343.12,5265,Einti
574,7701988.32,4879,Fivechat
01,34909565.81,6513,Thoughtblab
01,99461724.57,1742,Fiveclub
7431,87077874.30,8676,Vinder
3,9222286.93,7398,Gabtype
318,54347602.45,2478,Yodo
020,52193127.46,9220,Camimbo
74194,43609886.87,4746,Yambee
88,91778020.68,3472,Leexo
12883,65968390.70,6251,Tagchat
0869,68287304.44,2844,Oyonder
9,97461881.04,2090,Mydeo
09115,22881450.68,3009,Topiclounge
13088,81600284.69,6392,Cogidoo
9,93056363.69,3762,Leexo
665,7821366.96,9542,Zoovu
1,26924729.15,9349,Blogspan
4523,12712778.15,2206,Leenti
56,58120276.03,3441,Voolia
878,50091436.05,8674,Realmix
3,74972892.08,6717,Zoomdog
88995,79661570.66,3135,Edgeify
6,76711026.11,9696,Brainverse
515,67314824.43,9205,Photobean
12852,73488596.73,7453,Tanoodle
70978,98712037.58,7535,Linkbuzz
9194,16624379.68,7447,Feedmix
774,74017079.38,6996,Midel
28716,29549349.83,2783,Miboo
0437,35240109.64,8685,Trilith
2,33115205.17,8005,Eimbee
95551,38487859.03,7024,Minyx
549,81658575.40,3332,Eayo
27530,67952825.54,2745,Fivespan
2713,22323460.02,3544,Mycat
403,22906190.65,7158,Twinte
300,15886413.08,8364,Thoughtstorm
460,79957674.37,1349,Tanoodle
2189,339585.43,5663,Ailane
90,16313583.94,5142,Oyonder
2,75561214.43,5288,Tavu
5,75996487.67,6878,Centidel
63,25910716.09,4846,InnoZ
433,87169516.77,2304,Kwilith
191,1398705.05,7061,Wordtune
3,38870086.66,7749,Meezzy
57879,53388516.35,7933,Dablist
7375,43821134.67,9554,Roombo
23,78132079.52,1438,Zoovu
6846,28840269.91,5214,Kaymbo
0836,54872768.93,6348,Kwimbee
38,16804348.28,4348,Vimbo
62,16343079.11,6935,Skinder
533,46490816.37,5675,Agimba
3245,79942034.89,9282,Trudoo
6,69706919.67,7109,Jabberbean
2,23193444.32,5426,Twiyo
3503,68569364.43,2231,Oozz
332,93717068.10,4927,Mita
0,79156483.14,2843,Topicware
79105,2966633.28,2989,Jabbersphere
44386,57630253.37,1085,Voonder
9248,59598318.49,8447,InnoZ
7,21930040.24,4408,Mita
539,91099183.42,7389,Oba
6912,37261101.06,8046,Lajo
6,13060180.31,5693,Devpulse
6927,11566730.25,9144,Flashdog
91,16750238.75,2913,Npath
676,64016208.74,5496,Thoughtmix
1483,73461606.48,6719,Innojam
34,81501451.26,9653,Zoozzy
347,2053777.44,5830,Lazz
5,56203855.90,4982,Fivespan
64177,48627245.57,1907,Photobug
0,58138750.75,4757,Gigaclub
410,58982698.00,3500,LiveZ
626,68523948.82,2088,Dabtype
7,8756298.23,6460,Tagfeed
91,52244126.26,8692,Tavu
6160,3617139.25,6676,Skidoo
27,78409629.10,9296,Browsebug
90858,92726577.20,8420,Skinix
83,71730470.36,1238,Riffpedia
4,74937493.09,5868,Fivebridge
4959,17223166.54,9122,Jetwire
2,33372085.96,8301,Skimia
907,54143810.99,4490,Devpulse
4,45900952.58,1486,Aivee
2486,61485553.60,9674,Meedoo
8836,89478644.72,6016,Devpulse
9535,90097259.36,8583,Kanoodle
493,57816263.45,1495,Mynte
24,39012876.09,4005,Kazu
0,73718305.26,8533,Quimba
7820,29371857.57,6740,Dabtype
62921,82190382.34,7675,Gabvine
90,13983305.21,4733,Janyx
29926,8279467.25,9333,Kaymbo
34,54820683.30,6614,Quinu
6,28156208.76,4378,Geba
1597,15285279.26,4529,Thoughtbridge
7,14529900.40,9161,Jetwire
4,58678439.44,9639,Yadel
272,12441193.98,3629,Rooxo
308,41006389.42,7310,Topicware
021,26946897.51,1540,Linklinks
7,7498983.32,8636,Flashspan
2,60408744.18,3745,Riffpedia
40,14394118.31,5810,Zooxo
884,18089894.32,2882,Devshare
544,85564147.84,4396,Buzzshare
79,39640267.69,6298,Tagcat
6,93335818.31,8312,Rhycero
04206,91740902.15,1005,Photobug
4,17980893.12,9356,Skivee
12951,30560246.75,3517,Rhyzio
1,51054353.94,8731,Bubblebox
301,44964310.54,5883,Wordify
2,82972242.63,8788,Skinix
01,36276246.61,5098,Rhybox
3,72310121.22,1436,Lazzy
20,14115587.03,1581,Linklinks
344,44144184.85,3812,Miboo
47210,30312876.40,7986,Yata
682,82802671.92,6794,Voolia
15667,697475.11,5459,Brainlounge
10,18811693.98,7950,Devcast
264,19179171.26,8989,Thoughtblab
79912,46760633.16,4336,Feednation
6266,13588152.53,4381,Gigashots
1,34186691.48,4469,Divavu
659,55323406.40,9392,Gigashots
9,53234825.42,6456,Fiveclub
271,14025003.54,2771,Riffpath
0,17485606.40,1497,Photobean
8613,76913021.92,7341,Zoomdog
9,2204232.49,7037,Livetube
86021,34101582.92,8501,Yamia
7,61937205.15,4754,Skinix
07,64402934.14,5518,Miboo
05024,52030091.26,2203,Twimm
8354,29929991.48,3038,Meemm
384,87431359.38,1646,Realfire
27,81912791.13,6175,Vimbo
87,95795563.26,3052,Bubblemix
5,88663908.29,5255,Rhynyx
2,14423559.64,8693,Eare
839,75958233.98,3581,Thoughtstorm
416,94270612.56,4674,Voomm
6,88479818.29,2985,Voonder
326,59886901.27,9217,Photospace
18,10574736.85,7642,Ozu
5,30920637.84,7491,Yozio
7,99518499.38,8632,Voonix
07,22674255.00,8031,Yoveo
02833,38958027.72,2192,Lazzy
74733,93151679.83,9335,Photobug
95,61966937.44,7607,Livetube
438,54889347.80,9342,Meevee
016,83107863.73,9821,Aibox
53,68236408.75,9999,DabZ
3521,46038926.08,2283,Tagfeed
979,84707273.99,5746,Jatri
6361,45486585.79,7230,Topicstorm
059,3902337.84,7636,Kare
18800,78376668.46,8578,JumpXS
4462,41775773.92,2433,Innojam
340,28804649.93,9852,Twitterbeat
36435,60071932.20,4183,Kwimbee
94,35446070.68,2883,Zoomcast
42,42655635.79,1552,Tazz
412,40869580.18,8049,Buzzdog
42168,58044958.58,2313,Flipbug
185,28284450.62,5031,Yombu
63,16442850.46,4109,Dynava
070,93428015.73,8027,Reallinks
77839,11821486.54,7121,Topicstorm
272,46811009.85,9473,Skyndu
4,10407257.00,2043,Quaxo
45365,30161776.31,6491,Thoughtbeat
67915,23023620.87,7135,Youspan
49400,65516856.77,1233,Jabbercube
49083,89004692.44,7365,Cogidoo
62,33395567.66,7790,Rhycero
22,69648983.17,7778,Twinte
4,53743178.01,4178,Skipfire
330,65574754.12,3745,Trilith
46258,90975074.52,2879,Jazzy
1,89780671.59,4113,Ainyx
35,16158330.05,1265,Topdrive
69,21635019.41,4790,Aibox
3984,80640864.80,6626,Wordify
8326,39338314.94,2845,Janyx
7,49605597.62,6335,Izio
00,63913192.48,6580,Thoughtsphere
2,97326355.74,2658,Yamia
23,99286505.12,7637,Wikizz
2990,45487147.26,9068,BlogXS
5,55083542.25,6824,Dabjam
077,93569876.03,5725,Divanoodle
9426,12679687.11,7208,Muxo
9575,32099133.58,5729,Reallinks
69041,99678527.13,3512,Dynava
4,39600271.83,9093,Roomm
7950,74717607.79,9989,Npath
56,40756032.31,5821,Skaboo
58337,6700496.06,3415,Twitterlist
3687,8257989.94,2948,Zooxo
840,58917918.56,8155,Meetz
61169,17907876.00,8296,Cogibox
3104,48069052.01,9992,Gabcube
16,64730693.43,2699,Eadel
41048,45944543.72,9501,Skinix
1,11846518.95,9906,Kimia
5987,42297276.29,6290,Midel
36,48157256.07,5493,Skaboo
724,13762979.06,1492,Linkbuzz
56,54528759.04,2799,Divavu
23342,44062172.08,9108,Skalith
2,19583797.04,1909,Yambee
0905,21791705.55,8692,Miboo
312,74894080.94,4971,Skyvu
588,11628474.17,2162,Tagpad
61,81471783.62,5647,Youspan
3,52420001.44,7956,Dabtype
0,99330927.53,5263,Skalith
57952,33210978.33,8601,Twimbo
515,58879527.98,5221,Twitterworks
18,4500004.92,8513,Livetube
68934,40673702.04,2793,Skivee
18,11628279.18,7235,Mydeo
6788,43053977.06,2813,Innojam
990,10407716.41,5972,DabZ
154,37568924.28,2799,Oozz
646,8854260.33,8882,Trilith
844,6644322.88,3873,Livefish
88,81761030.84,2207,Wikivu
54,8494055.89,5285,Browsebug
60338,16709942.15,7256,Linkbuzz
1119,42205997.40,5573,Avavee
18,81736687.19,5345,Voomm
070,20643796.36,6621,Realbridge
8,9286700.87,4773,Brainsphere
98895,65015608.37,1478,Flashpoint
348,65566383.63,4012,Realmix
799,60748520.01,1196,Rhyzio
4871,56038015.13,2421,Zoomcast
4,30212465.69,8738,Topicstorm
91,26065285.41,6764,Photobug
7556,96353160.40,8363,Katz
7280,89427911.98,2511,Mynte
64491,4300464.90,6028,Skimia
9,1956291.30,5369,Pixoboo
0,90144426.01,4198,Bluejam
152,59950277.01,2329,Shuffledrive
00,24982535.75,7227,Voolia
9529,30615990.81,4567,Layo
1,47032480.73,9375,Devshare
9,47217591.43,6495,Topicstorm
6,28187191.96,8267,Jabbersphere
65323,80860306.48,6005,Yabox
57607,12148903.99,5427,Gigaclub
029,98550634.70,2799,Skyba
633,53820272.03,2938,Jaxnation
72,62498502.68,5943,Mybuzz
0,81226631.01,9772,Flipstorm
5,71459618.81,5668,Youfeed
73358,50760976.93,6378,Rhyzio
83,77265234.45,7446,Youtags
051,77161887.45,7626,Tavu
3,25411560.18,2963,Quinu
2,38947813.98,9635,Babbleopia
661,65395500.22,6707,Skipfire
8609,93371634.16,8896,DabZ
3,23707655.19,8164,Dabtype
5522,39973929.63,2769,Fadeo
7,30919371.67,3127,Skalith
99611,6561548.20,5081,Jaxnation
60140,97029806.44,9965,Demizz
7618,53815607.74,9487,Thoughtstorm
15,24371623.73,8481,Realfire
3635,56200945.18,5687,Kimia
82,68198331.64,9610,Trudoo
68711,58571958.19,8601,Lazzy
9,47546115.38,3779,Dynabox
77867,91360040.15,5533,Wordify
94,14807451.39,4714,Gigazoom
9,51821927.26,9271,Flipbug
780,62272929.12,9752,Zoonoodle
6,81242099.15,6527,Katz
35,10478112.62,7072,Vitz
67,60768588.98,1469,Kwideo
51,5710410.33,9362,Realblab
7,48767472.45,9441,Voolia
2,42453872.46,5781,Photobug
79,71551684.35,2294,DabZ
776,4250371.67,1815,Vinder
58398,54230965.66,1341,Muxo
582,83280372.08,2746,Skaboo
336,19197453.98,4549,Gabspot
112,57532922.77,8673,Zoombox
37450,36169921.85,8517,Zoozzy
90378,62810853.85,8532,Buzzster
485,77122069.65,9368,Jabbercube
095,17246876.19,6513,Mycat
10,58083941.64,9960,Devshare
47,28120421.25,7829,Skyvu
24,60519651.73,1209,Wikibox
4336,72890547.92,4193,Divavu
938,22839449.06,7716,Babblestorm
6281,78169241.29,2921,Twinte
90,71505998.09,4050,Chatterpoint
552,43489837.80,5142,Geba
26,24880306.11,5880,Skiptube
0559,36690128.98,9968,Skyble
62765,73722442.66,6487,Oyondu
2234,2852880.75,6355,Nlounge
807,44181168.16,4210,Flipopia
5016,74571387.00,1564,Yacero
86417,54059227.36,8890,Demimbu
4504,37659074.09,8279,Dynabox
75626,61120015.93,8997,Npath
42,66352969.03,3844,Edgetag
10,41590588.32,9993,Thoughtblab
03780,90073765.90,1791,Devcast
78,73025111.00,4696,Lajo
90,34388026.40,7844,Tagtune
7,97710297.33,7220,Realblab
771,47433156.18,4515,Talane
00,84480872.58,7795,Linkbridge
3830,4171672.83,4944,Riffwire
1,66990483.38,1428,Devpulse
813,17753236.46,5955,Eimbee
301,50588492.85,8651,Flipopia
906,27460176.48,5332,Quinu
92,82746418.80,7472,Mycat
78828,47336508.17,2283,Centimia
86,21999528.02,6945,Reallinks
74,52054120.31,3586,Flipstorm
734,68029652.43,4994,Dabfeed
6352,84455655.64,5033,Buzzster
348,61160843.99,5761,Nlounge
52,89213974.75,5715,Riffpath
8098,11108302.09,2154,Avamm
44,5791771.97,6659,Quamba
73462,73222938.07,3965,Fivebridge
62675,83236947.45,8392,Plajo
4554,20027057.15,7236,Youbridge
056,58600395.42,3855,Reallinks
01,28022671.64,7883,Cogibox
5,59704723.11,6173,Flashspan
4098,93238798.87,7631,Brainbox
08,97474253.19,8984,Yakidoo
9,99005221.28,7471,Skivee
5954,40258064.43,4134,Trilia
125,22701513.49,8046,Livepath
8,31095470.29,3879,Mita
3,36737577.76,3524,Myworks
2,68081399.36,8050,Yakijo
96129,94364396.43,1697,Meevee
9965,40250075.66,3244,Rhycero
6381,86977582.66,7981,Livetube
80810,15243090.83,3073,Gigashots
28204,13727392.38,3014,Snaptags
63,23691087.85,7621,Eamia
6,6825923.85,7358,Kimia
98827,22762423.30,2257,Zoombox
44,73069620.72,6765,Realfire
8989,11847026.38,8544,Photojam
92509,64274747.65,5794,Innojam
257,67213209.18,6548,Rhycero
358,26286889.23,7652,Chatterbridge
8,48256695.74,4691,Topicshots
783,12132597.69,1244,Photobug
3290,84752081.26,2969,Jetwire
98548,82049427.01,6808,Edgepulse
9221,71038482.67,7069,Zoombox
1732,42970349.63,7741,Mita
05079,36252575.18,1589,Jaxspan
954,40330499.75,5457,Oyope
5241,85731709.22,8366,Zooveo
7459,89702828.45,9600,JumpXS
0718,42655770.77,8490,Edgetag
63,57269038.74,8371,Quire
3897,53194767.25,4810,Brightbean
3206,34338382.64,7875,Oozz
623,3468701.21,2514,Twitternation
16207,91066277.84,6123,Vinder
573,38689679.29,3762,Quire
59,34880153.44,8253,Vitz
4,37677213.94,1631,Zoombeat
9956,87860884.60,9268,Tazz
58318,92567099.56,7696,Trilia
28,13313519.36,5793,Demivee
45425,51183540.43,6891,Talane
712,45352880.32,9620,Avavee
9,81763052.58,2421,Rhycero
1,21457742.14,5041,Realbuzz
431,26230426.01,2096,Gabtune
83,27431768.48,7299,Tagtune
993,47762143.64,4505,Feedfish
899,15949329.60,4716,Rhynyx
91,13117710.91,9215,Jetpulse
76,74215372.88,8384,Tekfly
8,98622713.40,4944,Twitterbeat
5265,6844859.80,6215,Voomm
7093,98497016.26,6819,Skinix
5,15060712.25,6406,Jayo
502,19956751.01,8099,Blognation
32,86468580.73,8497,Fanoodle
7032,92307110.11,8668,Jazzy
30,47048304.04,1457,Zoombox
5,21186087.56,9079,Agimba
248,59261630.21,5503,Babbleblab
91833,44136681.09,5285,Jaxbean
4345,16827520.06,5954,InnoZ
127,42686261.96,1503,Camimbo
25207,32621977.01,3755,Vinder
23527,64115766.62,5664,Oba
5,97385384.81,9563,Wordware
1,1319526.96,2317,Abatz
11,99776513.77,6505,Youfeed
66,12357095.52,8069,Skyble
524,38449128.11,4524,Jaxspan
4532,65806267.34,1104,Youtags
9,89321846.10,3951,Kazio
74,31826055.08,4574,Katz
48,52151438.81,9771,Oyoyo
195,43732261.22,9184,Babbleset
093,3894494.98,4510,Realcube
2534,62406851.68,3355,Fiveclub
66,63912588.99,2223,Fliptune
93,44010042.63,9417,Jaxbean
9,21258883.48,8930,Omba
87040,68544769.94,1769,Twimbo
11628,64339631.87,7903,Jabbersphere
19835,20780511.90,1487,Realblab
32,95033230.17,8306,Kwimbee
569,58805360.43,3844,Lazz
0,82135897.98,5702,Jazzy
8,17280964.80,9692,Divape
34,1061966.29,5064,Buzzster
05,73041975.26,3505,Fivespan
5,15447891.19,8416,Youbridge
7174,7715915.34,5055,Chatterpoint
523,94831293.92,4020,Aimbo
32,74039593.74,3996,Quimba
949,63917158.83,7679,Wikivu
586,75058895.13,4698,Jaxnation
02341,40917289.77,9241,Realmix
8,87359840.30,2791,Yadel
9,6685683.33,7413,Roodel
21,24084175.02,1155,Devbug
05233,40136504.57,8916,Avavee
1,86927964.93,6018,Topicstorm
848,52891024.90,6162,Jetpulse
2,25470250.16,5262,Twitterwire
9277,67403230.13,5154,Shufflester
2206,82124557.15,6640,Vinder
705,84500203.72,2465,Fivechat
55,63030215.81,4693,Ooba
1,28629447.64,8473,Agimba
77,86022633.32,4156,Demivee
6,85135278.01,4415,Trupe
7,79094100.42,7049,Yakijo
294,73415391.75,6825,Shuffletag
36,73542833.21,3008,Flipopia
064,78213928.82,8262,Realmix
42826,24626368.87,9142,Devshare
2217,20251480.50,7409,Zava
56,65847154.57,2718,Avamm
3,2092511.36,3050,Voomm
5,79215290.05,6738,Cogidoo
526,10951276.18,8753,Bubbletube
4152,32090594.37,7731,Gabcube
91095,66485767.73,8085,Oba
35,56663641.97,3167,Kare
9002,19803142.75,9240,Flipopia
24,5638805.05,5419,Omba
43,15923306.19,2396,Wordtune
210,70826163.90,3532,Voonix
9544,31949270.05,3720,Aivee
319,39409140.27,6087,Gevee
1,61637109.33,9323,Thoughtblab
71,83625183.97,8152,Tagpad
216,4246515.74,5773,Yodel
56244,77907353.09,6389,Mycat
2,44098895.21,2730,Skinix
16,64808696.94,8368,Kaymbo
33575,97554673.13,4320,Gabvine
2069,11069919.27,4646,Eadel
34,36818702.48,8054,Divape
468,21550317.47,7208,Brainbox
9,94043509.91,4703,Riffwire
677,553255.15,9903,Livetube
8431,47142852.32,6790,Yodoo
71832,54571508.41,8519,Youbridge
6643,33853423.17,8873,Linklinks
60195,63920448.07,2713,Feedspan
7,66624818.48,4639,Thoughtmix
81388,73528832.44,8129,Camimbo
1363,88254741.41,5614,Plambee
2,63603947.61,3836,Mydo
42818,21389779.16,3197,Photojam
438,86332478.87,7263,Twitternation
7242,37729825.77,3345,Snaptags
93,43870471.02,9076,Geba
6,56084339.15,8682,Gigaclub
357,7420778.29,6732,Jetwire
3968,10554830.40,6800,Flipopia
090,45914592.15,2983,Wikizz
356,22080048.95,9600,Talane
2,75147243.81,3282,Centimia
40,99356054.71,6936,Kanoodle
121,96545725.16,8853,Photospace
9,82456115.51,8323,Riffpath
36211,17336787.33,4470,Blognation
87,84836634.58,3573,Livefish
994,62530427.42,3091,Youspan
0351,51403642.57,6151,Jabberbean
8,23194180.46,8137,Eamia
978,51968346.13,9665,Jabberbean
58919,78286520.09,2744,Flipbug
719,70253855.96,3541,Twimm
87,74665150.37,7981,Twitterwire
5198,96511377.88,5768,Thoughtmix
834,88632016.85,2317,Edgepulse
66061,92271630.82,2259,Mycat
89735,21183467.15,6024,Eayo
12,82312387.22,1620,Zoozzy
142,30184420.56,9894,Tavu
63,22881938.16,7830,Feedfire
50805,2226333.11,5941,Shuffletag
24,88674376.45,2930,Skaboo
15,32664623.19,6714,InnoZ
39008,38374559.41,6943,Skidoo
58,19195799.95,3574,Zooveo
44840,62369077.23,2443,Brightdog
366,69809921.86,2387,Centidel
4642,53517600.33,4247,Vinte
0,33747509.43,1598,LiveZ
65068,76219715.93,3175,Topicware
74100,69258726.41,4723,Reallinks
4,49671168.82,4356,Aibox
7046,799144.39,3860,Trilia
74,95112562.57,9635,Trilith
9,3619402.68,1597,Blogpad
5863,2419035.15,4612,Dabtype
077,26611905.44,4421,Brainsphere
38,83955208.50,7380,Thoughtblab
0,1201503.68,7005,Dazzlesphere
917,25138138.70,4336,Dazzlesphere
697,28205737.20,7749,Zoomcast
4067,2084019.46,6836,Vipe
6,49071439.09,3587,Kwimbee
46,25611778.04,4395,Skippad
12,2259816.16,4531,Oyonder
253,74308574.83,1017,Devcast
3166,50982763.10,8356,Vinder
42,26651695.33,2538,Skynoodle
212,12396322.87,2723,Photobug
91,21041544.93,1356,Youfeed
33343,75447359.72,3272,Realblab
454,63269157.43,3181,Rhynyx
3454,77932866.87,5003,Livepath
05,81965460.64,8104,Skimia
0924,93358967.50,4400,Ainyx
6649,14974145.73,4980,Pixoboo
47474,78022311.05,1670,Flipstorm
0,15810355.77,7436,Jayo
986,94905846.83,4774,Tagpad
7,73346439.58,2158,Jabberstorm
2,42727108.41,9538,Skynoodle
13,31678981.09,4759,Twiyo
82913,84903924.27,3031,Rooxo
87,80721943.17,8858,Twitterbeat
12,83716787.00,5185,Tanoodle
94,57541306.92,2856,Dablist
21990,88035228.80,5742,Eabox
71,3087150.56,4332,Yombu
17903,8786204.60,1832,Wordpedia
4844,2760648.49,2346,Brainverse
1098,73488344.08,4844,Wordtune
11123,24593391.31,8724,Quatz
7799,15387947.22,1688,Flashspan
49329,5650148.19,9182,Roomm
07506,68520139.06,2134,Riffpath
3978,93306101.12,4600,Mynte
4297,40897711.61,1298,Twitterwire
3002,34989757.60,3570,Jaxworks
261,60151267.18,7983,Devbug
97,25698905.54,2182,Feednation
13864,38621124.62,4138,Vinte
0,8171638.24,9417,Agimba
22351,32056806.94,2719,Blogtags
480,87202323.17,6068,Pixonyx
59778,76743208.01,5109,Cogilith
12951,32622927.53,3497,Skipfire
7719,54990140.93,5301,Ntag
651,22086131.89,5085,Edgewire
3357,58993439.51,7790,Browsecat
972,77232041.64,1158,Tazzy
7,50979239.34,9176,Eidel
998,94116235.45,8216,Vipe
77349,12344564.59,1836,Thoughtstorm
818,46130561.64,4661,Voonix
790,86081496.76,2716,Ooba
0703,53442206.01,8721,Kazio
2280,52283935.79,4191,Bluezoom
533,65539962.28,8963,Topiclounge
13486,22512665.28,9383,Centidel
859,60336711.42,4508,Mudo
3,79590676.41,9633,Thoughtmix
01,37040166.28,5783,Layo
12453,28358765.48,3405,Dazzlesphere
83272,61145352.36,9032,Quimm
36428,34958507.97,2705,Edgeify
23463,74389980.35,4030,Eazzy
3279,50694156.01,2893,Quaxo
078,58247005.32,7508,Pixope
759,66128774.55,2374,Feedmix
92838,58591548.74,5550,Oyope
12,50613042.04,4028,Linklinks
1,45967257.97,8447,Oyonder
02,93269965.86,5436,JumpXS
1,75358425.31,2051,Zoomlounge
37133,83555630.08,7420,Skyble
63010,34581548.96,5670,Meembee
25190,24308056.27,5952,Eidel
1011,37589519.47,7632,Dynabox
75294,92022295.60,4882,Zooveo
7,71759562.59,2176,Mita
84,32178550.05,4394,Oodoo
01373,5352419.64,9422,Rhycero
8,40922036.35,5758,Mybuzz
7720,16427405.73,8026,Yambee
03782,18881427.98,6978,Zoombeat
5788,98919150.31,8087,Chatterpoint
6996,50167703.60,8855,Oozz
311,90858402.55,6039,Mynte
1,1021466.63,3277,Realpoint
9,88047541.10,8692,Centizu
2,87539266.99,5315,Thoughtstorm
555,41080533.48,8216,Oyope
14,20424347.39,6294,Tekfly
7,68493288.32,1493,Yata
8823,75348694.94,6354,Brainbox
402,51560675.72,3473,Meetz
22678,83191603.41,9604,Feedspan
9530,32905377.02,2603,Wikivu
3,97686794.85,2433,Oodoo
7870,66169989.26,3694,Thoughtworks
7,60452111.88,9083,Katz
2566,20615265.44,7995,Yombu
0111,83752937.16,5200,Quamba
57652,34185992.50,6839,Yambee
4473,36073550.63,5242,Yamia
86,21639452.90,3965,Tanoodle
9828,12204390.15,9654,Avaveo
87,61707908.75,9717,Skajo
09378,63993560.32,7060,Miboo
269,80011670.08,2219,Rhycero
28914,43477145.87,7775,Skiba
1679,86848367.62,7541,Skimia
84100,57094757.92,3511,Aibox
209,60629013.20,8482,Twimbo
0839,53462614.71,5463,Jayo
2121,82708081.02,6769,Tavu
48216,13865075.49,4770,Kwimbee
7525,25374806.31,1013,Jaxbean
1,42153815.01,2948,Livefish
0580,73607570.78,2845,JumpXS
31060,28385247.63,3663,Gigashots
68,24989584.58,9388,Jabbersphere
7,43211374.79,4427,Gevee
752,33687108.15,3110,Einti
9743,95793324.79,9974,Voonyx
15,51874169.41,7930,Mybuzz
1,79371487.71,4721,Devpoint
678,63704459.75,4825,Topicware
12364,64339479.13,9801,Oodoo
8539,517822.58,8288,Yodo
2,71239382.75,8107,Fadeo
86818,56026706.97,3254,Twitterworks
20,5146087.61,6967,Devshare
97,94636605.88,3563,Babblestorm
1,25214123.07,8178,Abata
75,17540082.29,1564,Meezzy
9146,68929621.24,9774,Quinu
2,62278577.56,1697,Eabox
3277,8841956.90,1119,Zooxo
5,13679657.05,7441,Realpoint
530,7532074.28,5135,Edgetag
8720,36595891.98,6038,Tagfeed
3955,81499807.03,3285,Bluezoom
627,73448046.61,9464,Fatz
7,84893305.05,5821,Youtags
6,37120426.42,3017,Zoombeat
013,67428571.08,3137,Oyonder
87777,24370684.95,1987,Realblab
0,46683294.42,9533,Mudo
7212,35442070.75,4900,Jatri
697,68201523.25,4867,Fatz
6,2198906.65,5463,Twitternation
09990,36996728.69,7622,Oyope
63,39078226.32,3405,Bubblemix
3762,83184215.66,2799,Katz
94765,48749490.15,1172,Vimbo
832,1464496.60,6636,Voonte
70,56573765.69,6413,Brightbean
89,4491674.43,2432,Quatz
3922,57473239.24,9043,Fatz
4438,82834620.92,5769,Eazzy
097,50585655.00,1737,Yotz
461,47759693.44,8777,Tagfeed
2,7906344.62,1655,Yakijo
233,81805120.91,8048,Dazzlesphere
95140,34782087.39,9323,Photobug
019,94468013.19,6233,Flashset
6,62237301.63,8090,Plajo
15,49121417.48,2776,Abata
80489,39959143.72,7216,Skiptube
64703,76955998.06,9119,Feedbug
223,71124020.67,4180,Dynava
0211,91927990.92,9404,Demivee
32017,4720725.21,6030,Devcast
9,11990429.38,7567,Edgewire
100,84583795.20,8434,Plajo
8534,18132869.66,5806,Teklist
2234,39048823.80,9946,Realmix
2425,3874107.48,1697,Edgeify
8,6019025.36,2159,Yozio
8,13666330.27,7100,Kwinu
5567,38774407.46,2970,Realblab
576,9247528.43,7633,Oyoyo
79,33940154.07,8157,Edgetag
45,25155929.22,1166,Yadel
08,31928294.95,3313,Youopia
1,24126297.55,4800,Browsedrive
377,6535539.36,8896,Fanoodle
84216,87037815.83,5201,Trunyx
9448,34252534.86,9501,Photobug
173,5814535.42,6019,Topicstorm
03938,34487135.46,7784,Fatz
9,100774.06,2670,Devbug
63219,62651726.44,9554,Youopia
4,2811302.64,8263,Babbleblab
76602,15183285.67,5748,Browsecat
772,49345780.87,5452,Browsetype
6,75476193.44,9764,Quatz
232,61151808.57,2791,Dabtype
06262,86481773.93,8926,Pixonyx
286,76906955.57,9176,Jayo
717,30000109.22,3498,Voolia
6015,91386993.20,5518,Jabbertype
82189,19331418.91,2010,Kaymbo
873,30184886.59,8018,Realfire
96707,67189135.14,5848,Oyoyo
91389,34795722.02,3297,Twitterworks
835,91803196.86,7479,Pixoboo
7,7271215.52,1801,Camido
643,62773711.11,7613,Kamba
5,22619814.78,2035,Skimia
3736,82615980.70,8940,Zoonder
7989,69061072.03,4840,Photojam
82806,11106957.85,1561,Realfire
9342,78078332.54,3380,Ailane
81403,74740339.68,3319,Mycat
704,51488525.18,2533,Babbleblab
8,51179179.75,7041,Skyba
3383,79712778.58,3931,Topdrive
2662,29217274.53,2708,Edgepulse
197,48927570.53,3337,Feedfire
5,77538011.96,6038,Oyope
43781,16753817.27,8321,Jetpulse
693,28297503.43,7258,Tazz
9,38412025.56,4832,Jetpulse
941,38153691.67,6512,Jabberbean
1,27284942.29,5324,Meembee
669,95616632.67,4034,Divanoodle
38,66597977.47,2084,Skipstorm
2,82854865.66,7182,Thoughtstorm
85554,6842940.46,9366,Rhyzio
3689,99320063.86,7941,Voonix
4926,80368312.34,3562,Jazzy
47,1506131.55,3378,Browsebug
54,36138108.17,4104,Photojam
8,52978074.75,1967,Digitube
604,85337930.60,3077,Tambee
45,19475964.38,8040,Eimbee
5072,24762004.11,8660,Browseblab
9951,6886760.75,4423,Feednation
2,5717383.57,4736,Zazio
46,62755749.81,9271,Fiveclub
118,75976817.24,6099,Zoonoodle
938,31348463.46,5286,Skyvu
76,7496434.30,7641,Roomm
26,31789909.15,8125,Jabbersphere
0,80963761.41,7707,JumpXS
39,1752623.77,3235,Divavu
296,90051224.20,5155,Agivu
7276,18205237.47,8622,Aivee
69708,41971650.03,6495,Devpoint
632,11417127.70,5620,Mydo
080,79235358.65,4107,Jatri
799,36865056.20,5117,BlogXS
60598,99527628.05,5801,Youspan
97381,37610668.40,6337,Jetwire
025,65538194.06,1587,Shuffletag
3,75691172.90,1120,Innojam
46441,87623983.51,9112,Zooxo
51582,41775151.27,7626,Kaymbo
88,59301003.38,6695,Quamba
48,62502333.46,9084,Miboo
89,97754796.61,9156,Agivu
1,73964546.93,3625,Babblestorm
8652,87111229.02,4687,Voolia
57743,43690128.91,4196,Agivu
30679,6507576.58,7233,Oodoo
33154,80571450.58,9050,Jabberstorm
9609,30187622.69,8880,Topicware
945,18325219.56,3715,Leexo
1540,88944125.34,9328,Fiveclub
6,47600371.64,6522,Feedmix
86610,60056538.35,2128,Buzzbean
66,15816621.27,5804,Voomm
0811,33011547.32,3407,Oyondu
62318,61685409.15,9779,Zoozzy
40,66412987.70,7633,Mynte
269,29239076.79,2442,Linktype
61972,12594842.86,9696,Roomm
11877,63560407.36,8623,Skimia
4247,95350806.52,9247,Zoombeat
69779,64243202.67,3951,Tagopia
21225,43079568.71,3671,Katz
5862,69316351.60,8359,Riffpath
98,43729811.34,4695,Kwilith
7,66320377.75,2495,Lazzy
096,19933890.90,8015,Feednation
6,61411969.51,7855,Yambee
279,90862662.24,1678,DabZ
4315,72763290.77,5569,Mymm
3,91197345.97,4061,Topicshots
7,80192052.47,1652,Dynabox
99,56042050.21,2483,Eidel
7932,33175163.43,3516,Yoveo
04,55556284.18,5720,Tagchat
52558,32366806.04,3496,Twinder
29,59924669.30,2610,Voomm
047,92761319.37,5415,Dablist
7,94633068.60,7062,Wikizz
19,88860420.36,1721,Oodoo
38,32492917.97,9378,Rhyzio
41943,85194088.98,8529,Brainbox
344,43353367.76,7638,Bubblemix
34,81132817.12,6640,Kimia
63,14302680.12,7153,Skyvu
6635,59813077.49,5053,Riffpath
823,76825668.62,9395,Pixoboo
46684,21248164.47,8456,Avamm
35,50886531.17,5749,Flashset
38986,54313824.81,3132,Innojam
40743,83817103.48,6045,Vipe
407,86020750.07,1817,Jabbersphere
4048,23388727.14,1546,Dabvine
2,88906119.37,7451,Flipbug
25,23646361.81,4315,InnoZ
452,69443689.48,9594,Lazzy
162,69053506.34,7092,Janyx
9,79291827.86,8631,Realblab
6,126988.58,1307,Meetz
79902,93725804.07,8107,Riffwire
6,40646807.23,3501,Jabbersphere
74621,19399030.51,3230,Kazio
1234,53202392.91,2771,Gabvine
1,88892488.78,3007,Twinte
0382,1594351.35,6910,Photolist
0033,35749628.48,6562,Oba
888,59289243.96,1061,Camimbo
7,27591647.48,2685,Skyble
4063,14874180.13,3271,Wikizz
3,32885667.41,5841,Zooveo
512,9676572.39,9529,Minyx
4,13529389.86,1035,Trilia
06,79094030.03,6924,Yabox
9,38493289.51,9822,Yamia
71350,28945246.01,1351,Eimbee
82,4167186.48,5537,Devify
7,22183142.02,5049,Kimia
2,53552265.76,9806,Ozu
9606,40475860.63,5351,Oodoo
126,47489654.99,3717,Jaxworks
31,83347826.93,8744,Vinder
00,28102569.42,1886,Katz
0,32153971.62,3360,Gabtune
2,94124287.47,2786,Gabtune
246,65369728.51,6642,Vinte
5107,47008608.98,7496,Avaveo
22,39979880.01,3119,Bubblebox
1317,76094386.66,9240,Yakijo
11765,20707533.76,5844,Gigaclub
95,3008337.82,2266,Voomm
5,13375053.16,7464,Dabshots
40,94709115.81,7335,Thoughtblab
210,99183124.51,9545,Thoughtbeat
7,17965868.08,1775,Quire
87,7307184.58,4767,Youtags
67,92988576.41,3906,Gigazoom
95,1616437.60,3275,Yacero
59,94987993.24,4450,Yata
5846,56337746.52,8430,Geba
7960,62887631.21,9099,Katz
6,21078265.58,2265,Twitterbeat
5724,97934151.38,1949,Tagtune
155,8393563.69,4844,Kaymbo
0952,20734966.43,7746,Meezzy
9440,36297452.06,9954,Demimbu
25,59062309.74,1395,Yamia
6815,68265820.99,8688,Topicstorm
81,52075433.49,6817,Rhybox
82,99693616.99,5509,Browsezoom
03,58811014.50,8380,Oyoba
31,65653913.28,2079,Photospace
90,30753511.80,3006,Browsezoom
3,12521867.04,8058,Jaxnation
08,79639589.47,2939,Jaxworks
62,74594777.20,2399,Skinder
77910,3863751.00,1076,Rhyloo
7,75550924.09,9550,Shufflester
5928,98686998.47,4796,Mymm
722,16788583.46,5798,Devshare
7175,25801130.74,7942,Flashset
8,8655651.85,8498,Feedspan
88,35949677.37,7229,Ailane
95,50849180.95,9979,Einti
35,61835042.82,4789,Meeveo
260,66557561.02,1964,Dabshots
98,24005852.69,6244,Livetube
4,62190457.83,8990,Jamia
847,34063244.35,7927,Twitternation
0,68375060.12,4776,Jayo
971,45940236.27,4682,Wordtune
2939,32442939.49,8428,Einti
26941,35421907.42,8788,Centidel
248,72728037.36,7723,Ntags
26,54510220.34,6461,Oodoo
6967,14804398.17,6859,Kayveo
937,71224749.91,1766,Skiba
9,70686369.02,8534,Skyvu
06443,92149960.03,3550,Oyoba
83,1087250.37,6252,Voolith
09126,60437642.11,1877,Reallinks
2499,81498901.08,3295,Eamia
0,52341730.73,9638,Myworks
1226,89513913.50,1729,Nlounge
840,98685550.32,2694,Yakidoo
8,52396554.90,5105,Buzzdog
95,97378727.79,9966,Katz
845,43899090.01,3573,Gigabox
9,22724964.42,3539,Oyoloo
08,3978721.77,7705,Browsebug
8,81513906.90,9378,Eabox
3136,4472176.76,5865,Skidoo
938,29941410.20,9038,Pixoboo
1479,64686866.53,7871,Blogtag
66168,47244724.75,8225,Agivu
3479,98179186.41,2125,Meedoo
888,93019934.29,2764,Skipstorm
6206,28497463.33,9681,Cogibox
42,55241354.66,9752,Vitz
9088,11043431.11,6336,Riffpedia
53352,98173044.65,1168,Yodel
313,61642308.11,4610,Avamm
96916,30432950.78,6471,Skaboo
76,49656946.20,4178,Tavu
788,60079169.90,1868,Latz
3006,54429058.45,6220,Skilith
229,97302659.72,5294,Blogspan
2,85013462.61,6220,Edgewire
186,1480584.03,4656,Realmix
0906,71136483.26,2101,Yodel
94519,28918700.90,1957,Yakidoo
5,506261.38,6963,Twitterlist
9337,58066359.97,4448,Yamia
30932,24634275.62,6604,Browsedrive
9778,33023031.97,3038,Tazz
390,47103713.51,8279,Jabberstorm
69811,79795620.20,9289,Topiczoom
740,48108999.27,8906,Browsedrive
1,38505286.60,6991,Skimia
44175,57391429.38,1079,Livefish
02,51333052.55,1103,Tagchat
26367,44069558.48,6328,Voonyx
8,99905519.54,2827,Babblestorm
37,31778773.11,2489,Tanoodle
3657,6135047.11,4379,Kwinu
7182,63540228.28,9811,Feedbug
0813,38295561.42,6238,Yakitri
082,36260753.82,3002,Rhynoodle
760,14424459.45,4905,Trudoo
68,62586295.70,8358,Omba
944,42720228.02,4974,Realcube
4730,51745620.46,7130,Kazio
385,76211322.24,6938,Flashspan
86793,17043062.66,3680,Thoughtstorm
7,18947894.78,9852,Fivechat
65,98918503.62,6587,Twinder
7,9446917.14,7539,Riffwire
0,10308463.45,4487,Linklinks
97107,30604307.92,3568,Meezzy
82467,36071538.58,6396,Mita
2969,90964031.85,9884,Thoughtstorm
68,20694627.55,2835,Cogibox
0590,55406585.80,4406,Jetwire
8913,5664905.32,2041,Gabcube
488,1121171.19,8994,Oyoba
1532,91364232.52,3578,Skyba
56888,72419838.89,6909,Kare
4,37056890.51,7175,Dabvine
96861,44612104.95,6302,Muxo
99669,10196676.90,2539,Jabbercube
71586,82695464.63,3671,Voonder
64448,80696911.36,2335,Zoomzone
76,89075896.50,6586,Trilith
455,86684868.31,2326,Ntag
3,77043352.27,1291,Kwimbee
6098,903974.15,9557,Topicshots
9,88553865.48,2948,Yozio
246,42468791.75,5304,Mycat
01,39391855.92,6992,Eidel
2601,83358262.09,3988,Browsebug
817,38342038.00,5545,Topiclounge
80610,2709592.52,4094,Topicware
17008,16946302.33,7758,Meembee
5745,78064934.88,7580,Shufflebeat
75,76455394.87,4571,Layo
5,91884457.33,5395,Brainverse
50510,14289775.49,7357,Aivee
519,42880724.47,4570,Oyondu
068,63235125.79,1125,Flashdog
8,3700819.63,4754,Yombu
069,65646465.93,2817,Quamba
6,19737294.10,4034,Riffpath
990,62106361.16,3828,Yotz
6,55418217.05,4039,Fatz
40,94023779.17,6668,Babblestorm
79,35577178.72,2126,Gigaclub
11,55492176.85,6975,Realpoint
2726,27242058.72,3312,Linklinks
373,57033100.81,9564,Voonte
8,180173.09,4724,Rhyzio
015,62797878.99,7828,Eabox
808,32780011.79,1093,Browsezoom
387,83682013.07,9976,Twiyo
9,89125292.04,7913,Livetube
234,2707786.00,8419,Youbridge
9,30462137.37,7756,Devpulse
26,66530703.92,3052,Realpoint
080,85727823.87,8075,Devpulse
5372,17140722.21,2237,Gabtune
15,94724976.20,4931,Rhynoodle
81945,62802381.52,7674,Fadeo
621,30720303.37,3804,Fivechat
192,27022090.54,8756,Livepath
626,35024774.34,2214,Tagcat
9691,9531577.94,5946,Trilia
663,3054002.08,8023,Yambee
626,3990244.78,3663,Aibox
4,66040300.61,5428,Abatz
46372,85145106.34,3441,Skyvu
3,63487004.12,6370,Jabberstorm
970,20130632.30,5071,Avamm
5,77964439.75,8014,Zoovu
11718,90465147.85,2008,Kwilith
8,8803210.08,2543,Devpulse
4331,9177956.81,6699,Vimbo
13151,43348818.61,9486,Vitz
3993,2154289.15,9465,Jetwire
7,83611257.28,2763,Realmix
000,98637289.20,2218,Tambee
34376,39239293.93,5215,Teklist
71364,68722402.31,4402,Realcube
18157,65363666.89,4160,Yodel
48579,2401762.97,9927,Oyondu
7065,3657372.13,8483,Jazzy
7857,98857764.53,2735,Avamm
69,93808517.65,5836,Gigashots
0390,86423305.99,7555,Divanoodle
7,68173702.33,1812,Fivespan
2382,116884.74,7543,Yambee
9,44463608.77,7304,Voolith
63,25056550.32,5485,InnoZ
89,30809859.94,5255,Kanoodle
062,73856775.96,6139,Devshare
1290,56717920.11,3484,Rhybox
448,66688745.16,7155,Zoombeat
3574,40784272.91,9481,Dynabox
02588,35212320.47,7209,Ntag
0266,27744367.43,8483,BlogXS
770,62737896.11,4700,Zooveo
25945,49297065.36,5705,Kwideo
8557,54348057.50,9131,Blognation
04,35857748.21,4713,Tagcat
3,65240628.33,6418,Youtags
6,48288620.51,7788,Dynava
920,85709206.97,8633,Edgetag
3410,66699960.38,6593,Edgeify
507,56281484.37,3720,Jamia
404,61964885.49,8165,Trudeo
259,91856505.65,8070,Trudeo
46563,71567934.54,9553,Brightbean
22,34733796.33,1189,Abatz
0,39906502.08,4365,Zoonder
64470,49311577.21,2391,Kaymbo
947,82700854.72,4653,Brainbox
0592,40813376.32,3346,Kamba
40,62054258.22,9469,Edgeclub
77482,99515830.09,7875,Mybuzz
5098,61970063.56,3473,Trudoo
39883,37846488.44,6721,Chatterpoint
67117,37668796.60,9189,Mita
8446,35172852.32,6095,Minyx
49174,40430755.06,5526,Twitterbeat
9,2196423.73,2644,Katz
85566,7459822.89,5747,Zooxo
396,71333002.63,4997,Zoomzone
529,27079703.48,3425,Photolist
97156,41867331.80,9216,Tazz
359,4380832.37,1204,Zooveo
47636,30125140.09,6204,Bluejam
15410,74845992.51,9670,Quatz
43140,31897219.00,4914,Jaxworks
69488,49658220.48,1910,Babbleopia
933,98958045.26,4172,Rhyloo
7241,97528952.02,5279,Thoughtbridge
5,9217978.87,3529,Pixonyx
5620,73450459.31,6184,Flipstorm
5,62031650.88,1497,Realbridge
3,72864661.01,5001,Brainbox
6,71766461.02,9555,Skyvu
1392,37495325.02,4607,Tekfly
3,20387549.95,2594,Yakitri
53,36518533.25,9622,Ozu
5,37256271.90,3937,Browsecat
68,59077585.84,5575,Lazzy
2014,50183369.09,5580,Dabtype
2950,10725936.07,7852,Kwimbee
32212,97543896.99,9805,Katz
1224,47509582.51,4203,Livepath
8,56610096.69,2590,Wordware
79030,5541664.16,4711,Skidoo
853,29832187.39,6990,Oyonder
9948,47926354.33,1725,Rhynoodle
5986,4014103.18,5789,Trunyx
25,10104653.64,5737,Tagtune
3434,28399796.57,2457,Izio
82,75236808.95,3133,Livefish
3,68047765.88,3369,Yakijo
9,26369535.26,8650,Thoughtstorm
6781,99183174.19,3431,Mydo
79,69165650.70,4101,Wikizz
8,5218337.42,2831,Fivespan
4,50319014.69,6204,Lazzy
113,42244744.30,2057,Agimba
9,97341219.03,6250,Realpoint
2758,56054673.84,1590,Mybuzz
7218,50073120.93,3491,Brightdog
56785,36492024.69,5855,Chatterpoint
6971,831221.65,4992,Realpoint
5,14689667.94,9276,Blogpad
6658,70058575.17,6720,Tekfly
21,70435959.32,8882,Brainlounge
49178,68581986.36,2395,Plambee
98,93272654.27,7237,Fivechat
597,22591461.39,7062,Miboo
18,90077632.01,2708,Thoughtstorm
2,63423448.62,9141,Yombu
8607,2577551.73,6207,Twimbo
7427,63661608.67,2184,Fanoodle
7,23308215.56,2722,Photospace
206,71121997.35,8113,Npath
21,10617460.61,2173,Reallinks
7943,9182147.18,1321,Myworks
7,65424186.57,8358,Livepath
1801,51882100.15,7424,Gigashots
904,11056847.62,2873,Ntag
431,58983275.35,4117,Tazzy
0,330322.79,1142,Cogibox
02,40382977.71,4507,Mynte
9,26521347.37,9527,Realcube
7,80229521.40,5296,Skimia
7,62852386.32,5768,Muxo
020,7434337.04,1942,Wordify
34010,7191452.01,4553,Brightdog
8,85001488.31,2571,Centizu
529,16638269.66,1776,Rhyloo
19,47390064.79,3774,Kazio
9925,13012093.00,5035,Avaveo
7,76461081.25,1953,Youspan
59,86606364.32,7475,Skinte
00,14651276.72,3932,Trudoo
00093,17285129.51,3123,Demizz
70744,92759889.72,5641,Browsezoom
88586,63854838.21,8847,Realcube
7375,82775546.83,7720,Trilith
3,18476583.68,3628,Bluejam
5,69659043.62,8223,Youopia
96,46049364.96,1455,Jatri
48109,38941560.38,4393,Voomm
8884,42480520.60,3731,Shuffletag
81,34774680.85,6989,Jabbersphere
6,1220041.78,4075,Vinder
7,84074831.78,1006,Yozio
4791,16999215.69,6935,Izio
04,84873933.77,6624,Voonte
93,37737604.30,2564,Linkbridge
70144,16019764.99,7558,Minyx
8,55871734.92,3699,Jaloo
3018,30332694.76,8337,Jaxspan
57211,91112862.62,2335,Gabtune
596,14033913.11,4807,Mita
0519,72073769.88,6335,Zava
64,73221765.84,9425,Abatz
15287,85482756.85,3508,Dabshots
54773,80238623.56,7300,Thoughtmix
60,24724104.67,6495,Meemm
81,72263244.78,7517,Jabberstorm
60,13025786.04,4450,Centidel
1797,90374471.95,9896,Minyx
481,87415868.62,2006,Oodoo
235,99896059.89,1285,Divanoodle
9,996481.81,7880,Ntags
324,94325901.25,6121,Innojam
4,76727758.61,7762,Fivechat
8,92970070.24,9557,Kamba
670,66556275.09,7344,Oba
74,22635358.14,1507,Twitterworks
7,51402183.07,1149,Yodoo
9,47260776.15,7592,Centimia
67,16403372.48,7067,Jamia
01217,74591028.41,9841,Roodel
86710,99037643.63,9162,Gabcube
9,90239899.84,6170,JumpXS
65175,19725022.25,5683,Shufflebeat
1255,49623450.06,2539,Realbridge
90234,72592912.14,6382,Quatz
4462,5530641.68,5640,Twimm
4,27605757.85,4293,Camido
678,15845088.44,4903,Zoombox
8,49924063.10,5989,Avamba
54037,61605305.66,3350,Kwideo
5203,25898651.13,3592,Skippad
91,50288975.41,2698,Linktype
1,37489046.21,5850,Skajo
852,3216016.89,3734,Vinte
978,54073630.94,6304,Vipe
132,8694629.76,2698,Browsecat
6,79010478.93,1783,Quinu
38,87559411.62,5577,Feedfish
6472,95901478.48,9005,Thoughtworks
24,19570194.51,3322,Tambee
8688,20106130.09,3440,Skyndu
0,60320788.06,2056,Skajo
7,77221908.06,2530,Linktype
085,39488307.91,9831,Camimbo
57586,12273985.78,7100,Livetube
2,38826900.47,5448,Wikizz
631,4702435.08,8129,Brainlounge
10846,64111837.35,4367,Livetube
1876,85279174.42,2867,Demizz
97885,27844871.64,8786,Meetz
96367,91174604.35,2598,Dazzlesphere
001,19512453.86,7443,Browsezoom
0,15231984.18,2858,Voolith
26,54319820.87,6728,Ozu
1,64547636.04,6910,Topicshots
76431,48548532.68,6597,Quaxo
97273,96760985.39,6993,Realbuzz
3,37743037.26,1772,Plambee
83845,28152270.42,3928,Kazu
55680,53384033.13,4975,Linktype
103,3772147.86,7135,Gabtype
0,68423304.35,4474,Quatz
6,58057749.17,4029,Realblab
48430,20884756.14,7135,Skipstorm
09283,42362457.72,2557,Kanoodle
5,71936416.28,3346,Ailane
8,26965862.73,8372,Leexo
5497,29046553.85,3988,Camimbo
19,13439534.66,5189,Twitternation
0955,21964995.61,4428,Jaloo
97749,18117599.07,8331,Thoughtblab
26077,62280331.54,5736,Voonte
9,82399402.33,7994,Wikizz
04895,60552202.59,4376,Divape
95396,22714821.68,6433,Meemm
900,75344858.94,9335,Zoonder
12,16566008.86,1781,Nlounge
940,61200612.32,7869,Jayo
3796,86790937.04,6362,Thoughtblab
42426,579010.63,3416,Babblestorm
7814,88704022.91,9666,Rooxo
20,32841930.28,9949,Mydo
6133,23698053.17,2579,Skalith
2911,3270531.61,9046,Meejo
660,58427451.80,3855,Kare
40,78031837.87,6054,Yabox
7736,94752817.40,9214,Trupe
1,2689732.02,9349,Oyonder
590,3512236.78,2128,Quimm
00808,27132699.94,7068,Leexo
75,72997981.19,7259,Gabtune
56,43253998.36,6486,Brainbox
281,41042529.14,2987,Avamm
2476,11769695.34,5654,Twitternation
2,716617.15,9415,Jayo
98320,95479388.55,2405,Babbleblab
2557,82167254.63,7873,Skyvu
54,10900621.74,8776,Rhynyx
69853,33281858.16,2225,Youopia
551,2367374.13,9906,Snaptags
0039,50459799.88,8961,Dynazzy
651,15671716.82,8750,Rhynoodle
488,69876087.72,3543,Kamba
36,21324236.58,8095,DabZ
7834,12603504.37,3979,Shuffletag
6,84447779.57,9555,Mymm
784,9366509.55,8341,Jazzy
295,80200353.34,9904,Eadel
77182,47669705.74,9130,Thoughtmix
163,14480573.85,5487,Fivechat
6070,33128378.89,3997,Wordtune
69,82936384.13,5744,Twiyo
6409,67506343.50,2218,Jetwire
38,30464681.51,7475,Mymm
87282,68956904.90,1411,Wikivu
626,49021877.20,5711,Quatz
52,24387497.41,5575,Yombu
6,39653068.34,2731,Ntag
95854,69943419.08,2371,Kazu
69,46706912.73,3839,Wordware
44,45335227.52,8036,Quimm
73,44464434.95,4031,Kwilith
49804,68059385.56,3369,Mymm
89,68039300.66,5407,Edgewire
9,8565077.11,9656,Skiptube
47,39335418.11,5073,Wikizz
96060,27039452.20,9090,Jetpulse
90,72766728.90,1404,Izio
83,38709251.15,8640,Twitterbridge
09,19309771.88,1885,Ailane
372,97844488.25,8059,Zoonoodle
21513,21061162.87,6197,Brainlounge
7,59841999.89,8743,Yamia
5799,47204960.11,1127,Dynazzy
834,73116566.25,4591,Oyondu
0464,70839371.72,9408,Bubblebox
070,90319329.14,1254,Realcube
39,59906627.34,6494,Zooveo
722,17933216.83,9222,Avamba
8477,22254382.76,2530,Livepath
332,35371139.85,2876,Pixope
8,77587397.24,9454,Kwimbee
42386,62516612.44,8779,Oyoloo
6,87113231.67,3830,Talane
8,33346145.81,3391,Quinu
9,23496878.87,7617,Ntags
9600,59245525.59,9174,Photospace
22,82254159.01,3752,Eazzy
8461,88478621.06,9999,Photospace
85107,7182704.11,3872,Ozu
6,72040518.35,9707,Youopia
47,53163893.29,9205,Oozz
0012,17064902.68,6439,Meembee
7,79626601.72,7785,Mycat
493,15337320.20,2769,Photobean
87072,88717971.54,9225,Jetwire
64,22598004.43,8990,Mybuzz
62,89695367.72,7817,Bubblemix
98,32972923.35,9750,Browseblab
748,6575212.15,5978,Babbleopia
972,75649849.19,2352,Gabtune
80456,88163485.49,2298,Skivee
9,46774733.21,7974,Roodel
7,23294056.82,8982,Gigabox
0,2163279.25,2802,Leexo
4787,22848983.60,3188,Ntag
403,20483563.64,4062,Skivee
88,39886911.56,2774,Youtags
0055,97167244.96,9156,Abatz
6,12036032.80,5202,Voonyx
80,80101798.90,7237,Riffpath
07133,58599733.61,6595,Realbridge
2,22306449.53,9036,Miboo
5167,88909060.53,1581,Fivebridge
18725,66337015.74,4592,Abata
21,72447643.60,7701,Flashpoint
950,12073292.88,1592,Skipstorm
56,55649348.74,8715,Camido
8571,7399800.10,5107,Mybuzz
8,40438335.32,8105,Tazzy
7812,3762211.88,6272,Jabbertype
2348,1131588.35,3555,Dynazzy
007,20933749.38,9094,Thoughtbridge
99,50322780.64,4180,Photobean
79374,59978597.43,4640,LiveZ
32476,19394978.03,3043,Mudo
8130,83146204.10,5710,Vinder
96,74678415.95,3153,Fivebridge
2,45146415.08,8188,BlogXS
1470,26784017.32,6146,Realbuzz
53,14973943.11,9961,Twitterbeat
2,75554953.67,3865,Zooveo
30,92229006.83,9013,Eimbee
9,75139507.15,5777,Gigabox
07823,75575368.44,7917,Tagfeed
6,33548380.79,3414,Roodel
900,35477604.22,9283,Tagpad
94889,4749688.12,5719,Twimbo
06630,90318001.13,9654,Edgetag
87538,16114872.27,2407,Zoomlounge
77910,58246318.53,3193,Thoughtsphere
5216,28223985.71,5520,Gevee
55612,71924269.13,5236,Skimia
4783,93037633.50,8969,Eabox
096,23820531.46,1185,Quimm
8,27509564.81,1808,Gigaclub
496,9456862.81,7733,Devcast
2219,60755688.55,2340,Mynte
4029,28449544.03,3586,Skalith
1159,63423795.98,2164,Wikido
63584,74456931.51,8943,Topicware
39,71855736.75,5905,Blognation
089,72068797.38,6048,Dabvine
67,95711619.12,6092,Flipbug
123,70800462.07,8452,Pixope
88424,87367870.83,5235,Eimbee
95,72072884.09,4811,Tagtune
7459,65859307.35,2438,Jabbersphere
63069,42943709.56,6657,Zoovu
79,28511153.01,7888,Realcube
24755,51277719.46,3717,Izio
1802,46524395.82,8752,Geba
1058,21380655.59,5023,Trunyx
0,93475084.64,2129,Agivu
13195,90581489.12,2439,Skipfire
27701,74471233.61,3130,Babbleblab
744,72329079.32,6532,Gigaclub
71,70938384.71,1072,Feedfish
730,56331927.90,2278,Dabjam
354,27307868.54,2877,Thoughtstorm
19,94419412.19,4947,Voonix
397,64286826.79,5199,Photospace
15,37366383.17,1549,Zoomdog
0570,47354325.75,8235,Oodoo
91305,98336893.56,1668,Avaveo
9059,50728374.00,5056,Zoomzone
3,12868479.80,7140,Wordpedia
73136,59656674.03,9800,Realmix
8898,33204862.86,4615,Photobug
152,3644785.32,1884,Jaxbean
9125,61045830.65,4319,Quaxo
037,23106863.04,4588,Riffwire
1048,7657187.65,3107,Topicstorm
48371,94081738.68,8555,Vimbo
9914,29898021.51,9958,Skinix
0,2186177.16,9598,Babbleblab
371,3122572.75,2886,Meevee
0,56564700.25,1588,Zoombox
737,15674634.82,7756,Oyoloo
02,22218004.38,8006,Kamba
79752,90229595.29,7898,Dazzlesphere
0639,2439856.40,5477,Digitube
7,55945402.47,1233,Tagpad
2,49580063.26,5521,Twimbo
1,87626781.79,2308,Innotype
44,25746684.11,9464,Quimba
677,21368584.83,3783,Oyoloo
0685,58782527.90,2372,Riffpedia
55,17787982.39,1261,Dablist
32,25981794.15,4079,Zazio
84566,60696915.18,8164,Yombu
39790,5132810.92,4536,Browsebug
9694,20666508.43,9723,Quatz
23,4212643.63,6791,Einti
8,38166334.12,7397,Youspan
77239,47732648.52,6085,Dazzlesphere
9,45404444.85,7959,Linklinks
4,12783860.54,2513,Skaboo
754,58759880.08,3240,JumpXS
09357,56619236.57,5284,Gabcube
0,24429348.01,8510,Innotype
52603,8392502.39,4184,Divape
4,15619207.99,4967,Mita
623,50497509.73,4387,Buzzdog
78731,6543977.23,3814,Feednation
95,16700854.92,3771,Aimbo
5,76217103.16,2657,Trilia
41689,45433949.95,6334,Zava
3,42451485.55,5151,Mydeo
410,69580915.73,9852,Katz
68,5414416.24,8025,Photofeed
1300,42234548.93,2651,Tagfeed
15,20942901.43,5710,Blogtags
411,61952106.32,1462,Brightbean
7,48950631.03,6914,Voomm
1,63076779.53,2362,Kanoodle
70738,99580718.22,9792,Einti
11,28361906.58,9971,Flashset
9651,72139473.90,2182,Twimm
9854,52081919.11,5368,Oyoyo
027,19577466.27,4520,Bubblemix
25438,48988154.56,7304,Rhyzio
425,36754062.97,1411,Fliptune
259,38699921.63,5834,Feedbug
40507,78728579.22,2066,Realcube
0618,50128145.69,8764,Quaxo
84,14233434.30,6815,Mita
2,84653322.19,6297,Avaveo
707,6578429.78,8479,Meetz
82,23949654.03,6738,Browsebug
96192,35099811.56,1038,Skajo
7,72108114.73,9485,Wordtune
208,63828515.48,1774,Dabtype
69688,22839446.44,1732,Topiclounge
14489,45561045.74,5523,Kazu
7312,29226198.47,6733,Brainlounge
00,33428886.62,6263,Trilia
7,54712107.33,2907,Gigabox
27846,93556152.39,9882,Kazu
6014,51711771.55,1830,Zoomzone
8,60729886.09,6440,Voonder
8,16363402.49,6209,Riffpath
177,18787808.08,4128,Shuffledrive
1,20255241.87,5860,Meevee
03,79157213.76,6966,Browsecat
8452,81035180.98,2429,Yombu
06,49121601.02,4913,Twimbo
60490,63410950.50,6285,Youspan
70,862573.20,9879,Feedmix
6867,28737895.16,3770,Zoomdog
38005,50375897.74,5778,Vimbo
7278,2881951.09,2594,Reallinks
60,63463220.15,7856,Twinder
33306,44305780.02,6954,Fliptune
7410,37922383.05,6774,Zooxo
21,99803730.77,1547,Viva
2,33385829.76,5859,Twitterlist
16856,35722792.04,5216,Blogtag
00094,41934266.24,3904,Quinu
344,54428206.27,8725,Realpoint
92383,4847082.83,1473,Skipfire
4,52186657.55,1213,Topicstorm
05555,59636179.69,2828,Vimbo
2,61841861.66,3484,Rooxo
1,33219547.76,5634,Zoomdog
95,74234834.05,1873,Tagchat
1939,54588326.42,5110,Wikizz
75180,38569931.42,9960,Photolist
22,52301273.00,2608,Photobug
1422,29198670.47,7660,Fivechat
44,52214314.70,8252,Topdrive
5,3873042.01,4518,Brainbox
677,23225235.65,8525,Zoonoodle
69389,73380160.24,2948,Trunyx
6935,20269182.44,6896,Zoomlounge
13019,62389985.35,2318,Thoughtsphere
935,60058600.21,4363,Topicblab
5,39842453.84,9051,Layo
5,26341224.07,4648,Skinder
5967,92273462.93,8313,Oyondu
44250,88065519.37,9796,Devshare
319,26945150.02,5170,Npath
4,75827264.84,7095,LiveZ
03,75629674.38,1151,Devbug
176,55306032.65,9178,Dabjam
21,12730822.72,9475,Shufflebeat
85,27885697.18,2072,Zoomlounge
911,73235515.11,7217,Skidoo
93,25134225.08,2780,Talane
54182,87114567.80,5342,Tagpad
20,77573220.48,6257,Skimia
5633,37036544.22,7582,Talane
86798,79797632.39,1863,Roodel
471,38409817.04,4041,Oyondu
3824,85976234.31,1275,Fliptune
7,3029376.51,9984,Fliptune
1,61157293.03,3260,Brainsphere
5,169777.65,4259,Digitube
88920,56403619.58,7160,Gigabox
9,54264785.01,1028,Vimbo
53,99506375.38,3438,Avavee
627,24611526.47,5298,Jamia
0554,56586286.12,1931,Ooba
11109,10311369.28,2818,Buzzshare
17,18756973.37,5962,Oodoo
1,14807477.90,3615,Oyondu
7972,74362405.17,8359,Omba
1553,43818313.30,5278,Dablist
46968,94000150.50,1207,Zooxo
26451,61383329.33,2387,Yabox
9,32364256.96,7494,Vimbo
31184,665105.49,5204,Zava
8,49938280.82,8369,Voomm
69425,28263112.96,4107,Kare
72471,86154164.48,9814,Blogpad
708,25822849.68,6667,Voomm
238,81811657.67,8877,Thoughtworks
26816,53480188.32,6891,Gabcube
9542,2082598.44,5286,Centizu
8015,22499582.95,4156,Buzzster
25,11900373.57,5864,Browseblab
70399,98750668.77,2199,Roombo
80364,55789883.86,3511,Skimia
8,32253204.50,8693,Yozio
945,62796877.85,1434,Centidel
28183,89646810.31,4388,Skaboo
74,96159901.99,8375,Bubblemix
1280,45171139.59,8161,Youbridge
212,33040817.97,1344,Jaxnation
14,5476147.22,1719,Oyoyo
08,20066280.82,3222,Oodoo
823,7343725.32,2268,Avavee
5,95188620.55,5979,Eire
3127,33332454.13,4802,Photobean
27,90208147.86,6966,Meejo
1,95893703.43,3794,Jetpulse
3,82610768.62,6262,Photobug
103,91782236.16,3065,Voomm
16384,26501382.35,3781,Voonyx
2980,21626899.86,4138,Edgepulse
38082,85941095.89,6054,Skyba
67709,32834559.14,4326,Livefish
6,10166061.94,3899,Realcube
25045,48311073.44,5461,Skyble
28,4421510.33,7590,Dabshots
403,23649853.08,7321,Vitz
6,17422423.87,2280,Tekfly
6097,86810724.76,7007,Wordify
4,45409394.60,6283,Riffwire
70482,35998684.54,1125,Livepath
16839,37623821.18,3675,Chatterbridge
912,60445348.77,3601,Twiyo
8,43090291.12,4597,Katz
26889,54221909.79,9240,Camimbo
38,98913281.58,8231,Linklinks
6,56655526.34,4957,Quimm
275,81240385.34,3982,Flipstorm
456,48811864.88,1115,Photobug
790,68748849.46,9395,Meevee
8,22459920.05,6897,Zava
2982,69285892.42,2403,Tagchat
79,82041072.52,8605,Trunyx
4791,66104655.52,8742,Edgeclub
26,31786753.19,8231,Centidel
59663,95546170.94,5601,Meejo
6,58801520.46,4173,Tagpad
86236,52969996.32,6468,Shufflebeat
90,23716707.18,9875,Realblab
7,87129564.02,6116,Edgeblab
1445,73335511.74,7467,Zazio
22007,23381555.50,8522,Realfire
4,22014350.44,8020,Skilith
19,12574929.38,6954,Quimm
569,49865568.68,5347,Fatz
4,35924025.34,3423,Jabbersphere
74,95824758.48,8741,Yambee
49,79877996.15,6951,Wikivu
62859,47132797.36,7386,Feedspan
86,74491591.41,4915,Mycat
00096,83100049.22,4995,Centidel
430,99725129.93,2244,Babbleset
60,19633283.59,6894,Skaboo
565,88665495.20,6898,Fliptune
31494,28425003.85,7759,Zoombox
82001,64085955.87,9617,Quire
1576,61117514.87,5991,Mybuzz
8,89142509.82,5326,Ailane
3,20332079.74,1723,Jamia
1967,48983360.92,9854,Mymm
3040,51768187.42,3086,Blogtags
4046,54015937.75,3223,Fivespan
6,25591492.97,9121,Thoughtsphere
6,2659826.30,9003,Gabspot
92,68773906.86,1229,Feedfish
444,36288455.41,5142,Lazzy
65132,52446727.45,5480,Tekfly
6610,60827000.74,6313,Fliptune
66807,21580076.16,3832,Dynava
4120,34477011.24,9675,Zoovu
20,71092293.16,7667,Browsedrive
205,33401498.50,4429,Devpoint
501,92518030.32,8161,Minyx
97857,44748724.65,3357,Skyble
10,28568749.98,1745,Zoovu
4,45768172.88,4545,Dablist
1923,90057400.55,7770,Chatterbridge
4453,41481528.55,2899,Dynava
13923,77652006.20,5458,Blogpad
1031,84828305.17,5764,Camimbo
32,68926464.05,7536,Avamm
679,11436954.25,4386,Blognation
47,6023278.85,3247,Flipopia
8,8794110.19,2306,Realbridge
53,79495735.08,7862,Quatz
5198,42983250.88,6544,Realpoint
46,97766296.63,8936,Yodel
5,22712220.11,9489,Oyondu
88,38243418.33,6350,Wikido
3399,80181166.34,4221,Dynazzy
63,5290815.78,5707,Dynabox
8,49440922.63,2235,Voonder
5,14848681.57,7357,Wikido
21058,8815802.35,5279,Kwimbee
0,98100573.26,5592,Tagopia
1039,30890945.19,7515,Camimbo
4,14312185.49,2507,Skajo
85318,16131451.04,9695,Feedmix
5903,81569283.57,1354,Katz
197,2729805.96,8716,Trudeo
87,70210018.49,9586,Pixonyx
4915,55458700.28,7640,Yozio
64052,7541860.49,4840,Bluezoom
09420,55560130.88,3602,Cogibox
68,61253871.14,2625,Trudoo
31845,25787098.85,1098,Gabcube
49527,3475849.29,2391,Agimba
3852,47223740.84,6360,Linkbridge
961,37272768.00,8885,Avaveo
7099,11248104.83,9662,Jabbercube
390,9367344.24,5055,Mydo
0486,16447304.37,2295,Topicware
3,46763847.11,9451,Wikibox
506,44337061.01,2050,Livetube
0,4359478.46,2856,Gabtype
4,76534306.03,7913,Vidoo
43,77836406.24,1810,Leenti
060,84768836.66,1312,Minyx
0,84199672.03,8193,Jaxbean
73870,95266785.48,9508,Brightdog
5,81987207.41,2230,Oyoloo
3071,17554252.83,6775,Dablist
82,17453598.00,7235,Quimba
887,10442897.10,8889,Tavu
936,82011328.22,3268,Voomm
2453,76061760.76,6919,Jabberstorm
76,97488758.83,1300,Brightdog
90,86314290.34,8461,Oyoloo
89510,56793023.98,6327,Fivebridge
830,43103842.73,5092,Kwideo
43,6037597.81,8977,Voonder
838,3900956.34,4076,Wordtune
4,78579187.86,9050,Trudeo
2,24912023.32,6959,Jaxbean
531,21304787.40,4117,Livetube
31,72730401.41,4449,Eamia
7315,44029999.24,3240,Gigaclub
6,29832403.69,5898,Mycat
6185,12499481.93,4121,Quatz
632,5196811.66,6936,Oozz
97311,88552620.34,7444,Youspan
8971,10236972.65,6673,Vitz
9025,72241319.75,7356,Skyndu
3,97508922.60,4602,Zoombox
4757,25662208.32,2438,Aimbo
619,6925266.55,7847,Feednation
49509,69533522.70,8552,Lazzy
26,58536016.25,9861,Twitternation
751,80866427.62,9588,Roodel
66,68018451.55,8405,Jabbertype
2,87095624.36,6399,Skipfire
702,40454560.28,1490,Demimbu
203,62047023.20,2494,Quimm
6,37003514.77,6583,Realfire
9,14352418.73,2905,Geba
4072,37442656.15,7063,Jabbersphere
2,77202680.71,8569,Wordware
81744,77182326.53,9928,Kanoodle
68245,56995970.42,7054,Kimia
27266,46617092.87,6233,Oozz
29096,63561378.80,5102,Avamm
8977,83162638.56,2510,Katz
2467,47896907.88,7991,Jayo
63,8603032.44,3391,Demimbu
1906,16493098.34,2352,Shuffledrive
36,86181333.44,8927,Topiczoom
68,54079324.14,3153,Wordify
2118,97774489.06,8286,Jaxnation
52,13084068.79,3336,Meevee
70,64590557.22,3231,Trilia
5187,26602683.12,2408,Buzzdog
0,52379934.39,1829,Riffpath
175,28576926.47,5711,Realbridge
42,83204504.90,6479,Trudoo
751,36659666.09,1954,Yodel
750,92914488.84,4211,Photojam
41,22181230.55,8795,Voonyx
39,9928563.85,4455,Mydeo
5155,52303061.34,2574,Avamba
38565,41659538.56,6516,Buzzshare
795,14117306.64,9533,Photofeed
4196,4037584.05,6704,Buzzster
0676,89181591.06,2195,Thoughtsphere
3100,97802844.18,6257,Dabtype
71,25354332.56,3760,Zoonder
85972,68405608.50,5504,Eabox
66091,11591539.56,2708,Jabbercube
149,30471083.00,2153,Oba
05,90487370.32,9497,Thoughtblab
48327,32446720.03,8396,Voonder
14,63614094.11,2393,Linkbridge
5246,9547112.51,2152,Skinix
757,43030524.08,4097,Quaxo
80647,25339971.63,2220,Jaxspan
4,93729000.98,4523,Innojam
87,61465364.13,4602,Oyondu
1,99980893.93,8209,Nlounge
22893,40332029.24,7955,Plambee
102,86740599.79,4524,Fanoodle
9118,91882212.45,5726,Izio
1396,50708370.06,4718,Bluezoom
0862,55299875.13,8935,Rhyzio
7,8923637.20,4264,Roomm
00842,13023196.90,4780,Skaboo
334,73186758.37,1717,Blogpad
86,69679301.62,4535,Trunyx
0,79019579.79,9664,Twimm
6,74455898.28,5101,Divape
3158,8337940.93,2681,Wikido
4951,92289057.25,4904,Mybuzz
700,98149919.56,2431,Geba
3,25188918.11,8581,Devpulse
011,86435510.51,1668,Abatz
810,35307684.45,7953,Blognation
3244,6277387.60,9526,Ooba
3,97254859.45,2552,Zoomlounge
732,14914.78,7102,Voonder
3108,47444013.05,7883,Skiba
20,41759800.17,5568,Omba
5555,67098794.65,2772,Vitz
47445,44711076.44,2450,Jamia
7701,82345154.53,5959,Oyoba
2,24634164.17,1480,Lazz
8,40322497.28,4367,Jabbersphere
218,62751446.53,9641,Plambee
3481,27443210.11,3635,Roombo
5,56859831.92,5846,Skinix
2402,61126090.53,8085,Rhynyx
905,71301017.94,7413,Brainsphere
25726,71909338.84,9747,Quimm
4500,10944638.04,8519,Browsetype
161,67288282.78,8214,Topicware
5,52149566.01,9976,Edgepulse
1419,11319518.71,6566,Katz
7126,71135828.06,5570,JumpXS
55508,64942784.87,3231,Centidel
811,81502009.94,1350,Browsetype
90119,69751544.35,4015,Skilith
73870,69060975.50,9891,Photospace
31,60780095.82,3211,Trudoo
75272,74055283.06,7453,Divanoodle
1561,75563893.73,3710,Bubbletube
9089,65310922.77,9674,Vidoo
36,50535210.89,1725,Lazz
293,49427170.38,9618,Divanoodle
2572,62245534.93,9198,Tagpad
36,94952243.37,3500,Topicblab
2406,11304899.83,1635,Topdrive
66,28905708.59,8985,Reallinks
5430,63162660.78,2630,Wikibox
4,14641902.53,8221,Rhyloo
5378,21163322.26,8248,Rhyloo
93723,38038920.19,2482,Kazu
67770,29464847.91,1919,Tagpad
5219,99190924.58,1247,Realblab
38282,98770485.09,1002,Yodel
61,7058953.78,3941,Quimm
86,59890559.45,3063,Vitz
3,56787412.05,4531,Photospace
4589,80156674.96,8785,Edgeify
7250,23949147.90,4280,Demivee
80,56729187.37,7744,Roomm
43680,49915834.72,9366,Roodel
194,1259810.94,4906,Thoughtblab
68520,24446479.71,2517,Oyope
5308,91604451.40,1150,Tambee
626,83902819.01,5630,Dazzlesphere
8,59169408.87,2655,Fanoodle
7953,84210242.82,2108,Gabcube
98632,50832416.41,1919,Leexo
859,4756937.56,7884,Topicshots
4,83859472.41,3108,Zoovu
039,49940923.57,7627,Youtags
2,95566503.00,9801,Eare
94,72332875.37,1942,Flipstorm
94,75570775.36,9019,Thoughtbeat
0,20366035.69,4621,Zoonoodle
257,584506.31,3178,Zooveo
890,17697055.04,1116,Mybuzz
37,42957467.68,2952,Aimbu
16638,3929050.72,5671,Zoombox
8643,29395722.57,1871,Feedfire
194,85734721.43,2161,Brightdog
56182,83839181.32,1766,Wordify
41180,44060528.16,3303,Linkbuzz
232,39726321.48,6589,Linktype
4782,41097399.41,4169,Fadeo
3,50324006.52,5858,Kaymbo
51285,24315541.62,6718,Yombu
2210,82332633.72,6560,Eabox
5307,1095401.22,5795,Tanoodle
24328,16053256.84,7768,Quamba
6401,65940604.90,7132,Katz
34480,65209277.22,4183,Oozz
82,29349757.59,2417,Meetz
91979,23351046.44,5618,Voolith
26159,99211437.66,7861,Oyoyo
1,1122418.45,9172,Gabcube
04,37462081.07,6094,Jabbertype
8767,61582242.45,3003,Dabtype
9233,98486708.59,9900,Pixonyx
845,53434015.88,1554,Gevee
2,78523465.91,2945,Photofeed
01067,28235429.43,8847,Eabox
40,98347235.03,8872,Yozio
90095,67082386.94,2022,Shufflebeat
9774,44232891.06,1672,Skilith
4,44960675.62,8793,Voonte
94438,26555366.16,8075,Blogspan
4921,29837037.37,4585,Skajo
92594,74712693.36,5945,Fatz
316,61921884.86,3125,Buzzster
9,77772437.00,6182,Voonix
816,45372676.99,3263,Jaxbean
7,91948435.77,7843,Oyonder
64150,61381691.45,9975,Skivee
256,16660211.36,4185,Meevee
6,53878745.11,4982,Eabox
31517,90347140.25,5093,Muxo
0480,22647383.56,8852,Kamba
3,83993514.40,8213,Wikivu
182,28500804.64,1255,Dabfeed
61225,96136730.51,3302,Tazz
269,81631970.80,8275,Feedspan
09,65264257.26,5780,Realblab
7209,90377475.26,1162,Skipstorm
1,3760052.76,8527,Tazzy
0,59561773.59,1665,Twitterbeat
10184,79230819.86,6762,Brightdog
56,85373978.63,7296,Talane
4,20610662.69,1603,Trudeo
0,93040249.98,2648,Skaboo